burr,hamilton
burr,weeks
burr,madison
burr,jay
burr,theodosiaDaughter
burr,betsy
burr,theodosiaMother
burr,hamilton
burr,hamilton
burr,hamilton
burr,washington
burr,hamilton
burr,marthaWashington
burr,schuylerSis
burr,washington
burr,burr
burr,generalMontgomery
burr,hamilton
burr,philipS
burr,peggy
burr,angelica
burr,eliza
burr,hamilton
burr,reynolds
burr,hamilton
burr,washington
burr,hamilton
burr,philipS
burr,generalMercer
burr,madison
burr,jefferson
burr,washington
burr,hamilton
burr,washington
burr,jefferson
burr,jefferson
burr,madison
burr,burr
burr,hamilton
burr,hamilton
burr,jAdams
burr,jefferson
burr,hamilton
burr,jefferson
burr,burr
burr,ness
burr,hamilton
burr,pendleton
burr,angelica
burr,eliza
hamilton,burr
hamilton,angelica
hamilton,philipH
hamilton,lafayette
hamilton,eliza
hamilton,laurens
hamilton,mulligan
hamilton,washington
hamilton,eliza
hamilton,lee
hamilton,laurens
hamilton,conway
hamilton,hamilton
hamilton,washington
hamilton,lee
hamilton,laurens
hamilton,burr
hamilton,washington
hamilton,hamilton
hamilton,burr
hamilton,lee
hamilton,burr
hamilton,eliza
hamilton,peggy
hamilton,angelica
hamilton,hamilton
hamilton,laurens
hamilton,mulligan
hamilton,lafayette
hamilton,burr
hamilton,kingGeorge
hamilton,burr
hamilton,lafayette
hamilton,laurens
hamilton,burr
hamilton,hamilton
hamilton,reynolds
hamilton,eliza
hamilton,angelica
hamilton,philipH
hamilton,eliza
hamilton,eacker
hamilton,philipH
hamilton,eliza
hamilton,reynolds
hamilton,jefferson
hamilton,madison
hamilton,burr
hamilton,reynolds
hamilton,washington
hamilton,jefferson
hamilton,washington
hamilton,kingLouis
hamilton,lafayette
hamilton,burr
hamilton,burr
hamilton,angelica
hamilton,maria
hamilton,reynolds
hamilton,angelica
hamilton,madison
hamilton,jefferson
hamilton,eliza
hamilton,schuylerSis
hamilton,jAdams
hamilton,jefferson
hamilton,washington
hamilton,madison
hamilton,jefferson
hamilton,hamilton
hamilton,philipH
hamilton,eliza
hamilton,burr
hamilton,jefferson
hamilton,jAdams
hamilton,burr
hamilton,hamilton
hamilton,burr
hamilton,laurens
hamilton,washington
hamilton,eliza
ensemble,washington
ensemble,kingGeorge
ensemble,jefferson
ensemble,burr
ensemble,hamilton
ensemble,jAdams
ensemble,jefferson
company,hamilton
company,mulligan
company,lafayette
company,hamilton
company,washington
company,hamilton
company,admiralHowe
company,washington
company,kingGeorge
company,schuylerSis
company,angelica
company,reynolds
company,washington
company,jefferson
company,hamilton
company,burr
company,jefferson
company,eliza
company,jAdams
company,burr
men,hamilton
men,angelica
men,jAdams
men,jefferson
men,burr
women,hamilton
women,angelica
women,washington
women,eliza
women,burr
women,jefferson
angelica,hamilton
angelica,hamilton
angelica,angelica
angelica,franklin
angelica,schuylerSis
angelica,eliza
angelica,angelica
angelica,eliza
angelica,burr
angelica,paine
angelica,jefferson
angelica,schuylerSis
angelica,hamilton
angelica,jefferson
angelica,angelica
angelica,eliza
angelica,angelica
angelica,hamilton
angelica,eliza
angelica,angelica
angelica,eliza
eliza,hamilton
eliza,washington
eliza,hamilton
eliza,eliza
eliza,eliza
eliza,eliza
eliza,angelica
eliza,schuylerSis
eliza,angelica
eliza,eliza
eliza,hamilton
eliza,hamilton
eliza,philipH
eliza,angelica
eliza,jAdams
eliza,angelica
eliza,washington
eliza,hamilton
eliza,hamilton
washington,rochambeau
washington,hamilton
washington,burr
washington,lee
washington,hamilton
washington,hamilton
washington,lee
washington,lafayette
washington,hamilton
washington,burr
washington,green
washington,knox
washington,jefferson
washington,jefferson
washington,hamilton
washington,burr
washington,hamilton
washington,jefferson
washington,madison
washington,jefferson
mulligan,mulligan
mulligan,hamilton
mulligan,burr
mulligan,mulligan
mulligan,burr
lafayette,hamilton
lafayette,hamilton
lafayette,burr
lafayette,lafayette
laurens,hamilton
laurens,lee
laurens,burr
laurens,angelica
laurens,laurens
laurens,sAdams
laurens,burr
kingGeorge,washington
kingGeorge,jAdams
jefferson,hamilton
jefferson,reynolds
jefferson,eliza
jefferson,hamilton
jefferson,washington
jefferson,hamilton
jefferson,washington
jefferson,lafayette
jefferson,hamilton
jefferson,washington
jefferson,madison
jefferson,burr
jefferson,hamilton
jefferson,lafayette
jefferson,washington
jefferson,sally
jefferson,madison
jefferson,jAdams
jefferson,hamilton
jefferson,burr
jefferson,washington
jefferson,hamilton
madison,hamilton
madison,washington
madison,hamilton
madison,hamilton
madison,burr
madison,jefferson
madison,hamilton
madison,burr
madison,jefferson
madison,hamilton
madison,jAdams
philipH,eacker
philipH,philipH
philipH,philipS
philipH,burr
philipH,philipH
lee,lee
lee,washington
peggy,peggy
peggy,schuylerSis
seabury,seabury
seabury,kingGeorge
reynolds,reynolds
doctor,hamilton
